Driver,DriverName,Team,EventName,EventNameFull,Points,TotalPoints,Rank,RankLabel,HeadshotUrl,GridPosition,FinishPosition
PIA,Oscar Piastri,McLaren,Australian,Australian Grand Prix,2.0,284,1,1er,https://media.formula1.com/d_driver_fallback_image.png/content/dam/fom-website/drivers/O/OSCPIA01_Oscar_Piastri/oscpia01.png.transform/1col/image.png,2,9
PIA,Oscar Piastri,McLaren,Chinese,Chinese Grand Prix,32.0,284,1,1er,https://media.formula1.com/d_driver_fallback_image.png/content/dam/fom-website/drivers/O/OSCPIA01_Oscar_Piastri/oscpia01.png.transform/1col/image.png,1,1
PIA,Oscar Piastri,McLaren,Japanese,Japanese Grand Prix,15.0,284,1,1er,https://media.formula1.com/d_driver_fallback_image.png/content/dam/fom-website/drivers/O/OSCPIA01_Oscar_Piastri/oscpia01.png.transform/1col/image.png,3,3
PIA,Oscar Piastri,McLaren,Bahrain,Bahrain Grand Prix,25.0,284,1,1er,https://media.formula1.com/d_driver_fallback_image.png/content/dam/fom-website/drivers/O/OSCPIA01_Oscar_Piastri/oscpia01.png.transform/1col/image.png,1,1
PIA,Oscar Piastri,McLaren,Saudi Arabian,Saudi Arabian Grand Prix,25.0,284,1,1er,https://media.formula1.com/d_driver_fallback_image.png/content/dam/fom-website/drivers/O/OSCPIA01_Oscar_Piastri/oscpia01.png.transform/1col/image.png,2,1
PIA,Oscar Piastri,McLaren,Miami,Miami Grand Prix,32.0,284,1,1er,https://media.formula1.com/d_driver_fallback_image.png/content/dam/fom-website/drivers/O/OSCPIA01_Oscar_Piastri/oscpia01.png.transform/1col/image.png,4,1
PIA,Oscar Piastri,McLaren,Emilia Romagna,Emilia Romagna Grand Prix,15.0,284,1,1er,https://media.formula1.com/d_driver_fallback_image.png/content/dam/fom-website/drivers/O/OSCPIA01_Oscar_Piastri/oscpia01.png.transform/1col/image.png,1,3
PIA,Oscar Piastri,McLaren,Monaco,Monaco Grand Prix,15.0,284,1,1er,https://media.formula1.com/d_driver_fallback_image.png/content/dam/fom-website/drivers/O/OSCPIA01_Oscar_Piastri/oscpia01.png.transform/1col/image.png,3,3
PIA,Oscar Piastri,McLaren,Spanish,Spanish Grand Prix,25.0,284,1,1er,https://media.formula1.com/d_driver_fallback_image.png/content/dam/fom-website/drivers/O/OSCPIA01_Oscar_Piastri/oscpia01.png.transform/1col/image.png,1,1
PIA,Oscar Piastri,McLaren,Canadian,Canadian Grand Prix,12.0,284,1,1er,https://media.formula1.com/d_driver_fallback_image.png/content/dam/fom-website/drivers/O/OSCPIA01_Oscar_Piastri/oscpia01.png.transform/1col/image.png,3,4
PIA,Oscar Piastri,McLaren,Austrian,Austrian Grand Prix,18.0,284,1,1er,https://media.formula1.com/d_driver_fallback_image.png/content/dam/fom-website/drivers/O/OSCPIA01_Oscar_Piastri/oscpia01.png.transform/1col/image.png,3,2
PIA,Oscar Piastri,McLaren,British,British Grand Prix,18.0,284,1,1er,https://media.formula1.com/d_driver_fallback_image.png/content/dam/fom-website/drivers/O/OSCPIA01_Oscar_Piastri/oscpia01.png.transform/1col/image.png,2,2
PIA,Oscar Piastri,McLaren,Belgian,Belgian Grand Prix,32.0,284,1,1er,https://media.formula1.com/d_driver_fallback_image.png/content/dam/fom-website/drivers/O/OSCPIA01_Oscar_Piastri/oscpia01.png.transform/1col/image.png,2,1
PIA,Oscar Piastri,McLaren,Hungarian,Hungarian Grand Prix,18.0,284,1,1er,https://media.formula1.com/d_driver_fallback_image.png/content/dam/fom-website/drivers/O/OSCPIA01_Oscar_Piastri/oscpia01.png.transform/1col/image.png,2,2
NOR,Lando Norris,McLaren,Australian,Australian Grand Prix,25.0,275,2,2e,https://media.formula1.com/d_driver_fallback_image.png/content/dam/fom-website/drivers/L/LANNOR01_Lando_Norris/lannor01.png.transform/1col/image.png,1,1
NOR,Lando Norris,McLaren,Chinese,Chinese Grand Prix,19.0,275,2,2e,https://media.formula1.com/d_driver_fallback_image.png/content/dam/fom-website/drivers/L/LANNOR01_Lando_Norris/lannor01.png.transform/1col/image.png,3,2
NOR,Lando Norris,McLaren,Japanese,Japanese Grand Prix,18.0,275,2,2e,https://media.formula1.com/d_driver_fallback_image.png/content/dam/fom-website/drivers/L/LANNOR01_Lando_Norris/lannor01.png.transform/1col/image.png,2,2
NOR,Lando Norris,McLaren,Bahrain,Bahrain Grand Prix,15.0,275,2,2e,https://media.formula1.com/d_driver_fallback_image.png/content/dam/fom-website/drivers/L/LANNOR01_Lando_Norris/lannor01.png.transform/1col/image.png,6,3
NOR,Lando Norris,McLaren,Saudi Arabian,Saudi Arabian Grand Prix,12.0,275,2,2e,https://media.formula1.com/d_driver_fallback_image.png/content/dam/fom-website/drivers/L/LANNOR01_Lando_Norris/lannor01.png.transform/1col/image.png,10,4
NOR,Lando Norris,McLaren,Miami,Miami Grand Prix,26.0,275,2,2e,https://media.formula1.com/d_driver_fallback_image.png/content/dam/fom-website/drivers/L/LANNOR01_Lando_Norris/lannor01.png.transform/1col/image.png,2,2
NOR,Lando Norris,McLaren,Emilia Romagna,Emilia Romagna Grand Prix,18.0,275,2,2e,https://media.formula1.com/d_driver_fallback_image.png/content/dam/fom-website/drivers/L/LANNOR01_Lando_Norris/lannor01.png.transform/1col/image.png,4,2
NOR,Lando Norris,McLaren,Monaco,Monaco Grand Prix,25.0,275,2,2e,https://media.formula1.com/d_driver_fallback_image.png/content/dam/fom-website/drivers/L/LANNOR01_Lando_Norris/lannor01.png.transform/1col/image.png,1,1
NOR,Lando Norris,McLaren,Spanish,Spanish Grand Prix,18.0,275,2,2e,https://media.formula1.com/d_driver_fallback_image.png/content/dam/fom-website/drivers/L/LANNOR01_Lando_Norris/lannor01.png.transform/1col/image.png,2,2
NOR,Lando Norris,McLaren,Canadian,Canadian Grand Prix,0.0,275,2,2e,https://media.formula1.com/d_driver_fallback_image.png/content/dam/fom-website/drivers/L/LANNOR01_Lando_Norris/lannor01.png.transform/1col/image.png,7,18
NOR,Lando Norris,McLaren,Austrian,Austrian Grand Prix,25.0,275,2,2e,https://media.formula1.com/d_driver_fallback_image.png/content/dam/fom-website/drivers/L/LANNOR01_Lando_Norris/lannor01.png.transform/1col/image.png,1,1
NOR,Lando Norris,McLaren,British,British Grand Prix,25.0,275,2,2e,https://media.formula1.com/d_driver_fallback_image.png/content/dam/fom-website/drivers/L/LANNOR01_Lando_Norris/lannor01.png.transform/1col/image.png,3,1
NOR,Lando Norris,McLaren,Belgian,Belgian Grand Prix,24.0,275,2,2e,https://media.formula1.com/d_driver_fallback_image.png/content/dam/fom-website/drivers/L/LANNOR01_Lando_Norris/lannor01.png.transform/1col/image.png,1,2
NOR,Lando Norris,McLaren,Hungarian,Hungarian Grand Prix,25.0,275,2,2e,https://media.formula1.com/d_driver_fallback_image.png/content/dam/fom-website/drivers/L/LANNOR01_Lando_Norris/lannor01.png.transform/1col/image.png,3,1
VER,Max Verstappen,Red Bull Racing,Australian,Australian Grand Prix,18.0,187,3,3e,https://media.formula1.com/d_driver_fallback_image.png/content/dam/fom-website/drivers/M/MAXVER01_Max_Verstappen/maxver01.png.transform/1col/image.png,3,2
VER,Max Verstappen,Red Bull Racing,Chinese,Chinese Grand Prix,18.0,187,3,3e,https://media.formula1.com/d_driver_fallback_image.png/content/dam/fom-website/drivers/M/MAXVER01_Max_Verstappen/maxver01.png.transform/1col/image.png,4,4
VER,Max Verstappen,Red Bull Racing,Japanese,Japanese Grand Prix,25.0,187,3,3e,https://media.formula1.com/d_driver_fallback_image.png/content/dam/fom-website/drivers/M/MAXVER01_Max_Verstappen/maxver01.png.transform/1col/image.png,1,1
VER,Max Verstappen,Red Bull Racing,Bahrain,Bahrain Grand Prix,8.0,187,3,3e,https://media.formula1.com/d_driver_fallback_image.png/content/dam/fom-website/drivers/M/MAXVER01_Max_Verstappen/maxver01.png.transform/1col/image.png,7,6
VER,Max Verstappen,Red Bull Racing,Saudi Arabian,Saudi Arabian Grand Prix,18.0,187,3,3e,https://media.formula1.com/d_driver_fallback_image.png/content/dam/fom-website/drivers/M/MAXVER01_Max_Verstappen/maxver01.png.transform/1col/image.png,1,2
VER,Max Verstappen,Red Bull Racing,Miami,Miami Grand Prix,12.0,187,3,3e,https://media.formula1.com/d_driver_fallback_image.png/content/dam/fom-website/drivers/M/MAXVER01_Max_Verstappen/maxver01.png.transform/1col/image.png,1,4
VER,Max Verstappen,Red Bull Racing,Emilia Romagna,Emilia Romagna Grand Prix,25.0,187,3,3e,https://media.formula1.com/d_driver_fallback_image.png/content/dam/fom-website/drivers/M/MAXVER01_Max_Verstappen/maxver01.png.transform/1col/image.png,2,1
VER,Max Verstappen,Red Bull Racing,Monaco,Monaco Grand Prix,12.0,187,3,3e,https://media.formula1.com/d_driver_fallback_image.png/content/dam/fom-website/drivers/M/MAXVER01_Max_Verstappen/maxver01.png.transform/1col/image.png,4,4
VER,Max Verstappen,Red Bull Racing,Spanish,Spanish Grand Prix,1.0,187,3,3e,https://media.formula1.com/d_driver_fallback_image.png/content/dam/fom-website/drivers/M/MAXVER01_Max_Verstappen/maxver01.png.transform/1col/image.png,3,10
VER,Max Verstappen,Red Bull Racing,Canadian,Canadian Grand Prix,18.0,187,3,3e,https://media.formula1.com/d_driver_fallback_image.png/content/dam/fom-website/drivers/M/MAXVER01_Max_Verstappen/maxver01.png.transform/1col/image.png,2,2
VER,Max Verstappen,Red Bull Racing,Austrian,Austrian Grand Prix,0.0,187,3,3e,https://media.formula1.com/d_driver_fallback_image.png/content/dam/fom-website/drivers/M/MAXVER01_Max_Verstappen/maxver01.png.transform/1col/image.png,7,18
VER,Max Verstappen,Red Bull Racing,British,British Grand Prix,10.0,187,3,3e,https://media.formula1.com/d_driver_fallback_image.png/content/dam/fom-website/drivers/M/MAXVER01_Max_Verstappen/maxver01.png.transform/1col/image.png,1,5
VER,Max Verstappen,Red Bull Racing,Belgian,Belgian Grand Prix,20.0,187,3,3e,https://media.formula1.com/d_driver_fallback_image.png/content/dam/fom-website/drivers/M/MAXVER01_Max_Verstappen/maxver01.png.transform/1col/image.png,4,4
VER,Max Verstappen,Red Bull Racing,Hungarian,Hungarian Grand Prix,2.0,187,3,3e,https://media.formula1.com/d_driver_fallback_image.png/content/dam/fom-website/drivers/M/MAXVER01_Max_Verstappen/maxver01.png.transform/1col/image.png,8,9
RUS,George Russell,Mercedes,Australian,Australian Grand Prix,15.0,172,4,4e,https://media.formula1.com/d_driver_fallback_image.png/content/dam/fom-website/drivers/G/GEORUS01_George_Russell/georus01.png.transform/1col/image.png,4,3
RUS,George Russell,Mercedes,Chinese,Chinese Grand Prix,20.0,172,4,4e,https://media.formula1.com/d_driver_fallback_image.png/content/dam/fom-website/drivers/G/GEORUS01_George_Russell/georus01.png.transform/1col/image.png,2,3
RUS,George Russell,Mercedes,Japanese,Japanese Grand Prix,10.0,172,4,4e,https://media.formula1.com/d_driver_fallback_image.png/content/dam/fom-website/drivers/G/GEORUS01_George_Russell/georus01.png.transform/1col/image.png,5,5
RUS,George Russell,Mercedes,Bahrain,Bahrain Grand Prix,18.0,172,4,4e,https://media.formula1.com/d_driver_fallback_image.png/content/dam/fom-website/drivers/G/GEORUS01_George_Russell/georus01.png.transform/1col/image.png,3,2
RUS,George Russell,Mercedes,Saudi Arabian,Saudi Arabian Grand Prix,10.0,172,4,4e,https://media.formula1.com/d_driver_fallback_image.png/content/dam/fom-website/drivers/G/GEORUS01_George_Russell/georus01.png.transform/1col/image.png,3,5
RUS,George Russell,Mercedes,Miami,Miami Grand Prix,20.0,172,4,4e,https://media.formula1.com/d_driver_fallback_image.png/content/dam/fom-website/drivers/G/GEORUS01_George_Russell/georus01.png.transform/1col/image.png,5,3
RUS,George Russell,Mercedes,Emilia Romagna,Emilia Romagna Grand Prix,6.0,172,4,4e,https://media.formula1.com/d_driver_fallback_image.png/content/dam/fom-website/drivers/G/GEORUS01_George_Russell/georus01.png.transform/1col/image.png,3,7
RUS,George Russell,Mercedes,Monaco,Monaco Grand Prix,0.0,172,4,4e,https://media.formula1.com/d_driver_fallback_image.png/content/dam/fom-website/drivers/G/GEORUS01_George_Russell/georus01.png.transform/1col/image.png,14,11
RUS,George Russell,Mercedes,Spanish,Spanish Grand Prix,12.0,172,4,4e,https://media.formula1.com/d_driver_fallback_image.png/content/dam/fom-website/drivers/G/GEORUS01_George_Russell/georus01.png.transform/1col/image.png,4,4
RUS,George Russell,Mercedes,Canadian,Canadian Grand Prix,25.0,172,4,4e,https://media.formula1.com/d_driver_fallback_image.png/content/dam/fom-website/drivers/G/GEORUS01_George_Russell/georus01.png.transform/1col/image.png,1,1
RUS,George Russell,Mercedes,Austrian,Austrian Grand Prix,10.0,172,4,4e,https://media.formula1.com/d_driver_fallback_image.png/content/dam/fom-website/drivers/G/GEORUS01_George_Russell/georus01.png.transform/1col/image.png,5,5
RUS,George Russell,Mercedes,British,British Grand Prix,1.0,172,4,4e,https://media.formula1.com/d_driver_fallback_image.png/content/dam/fom-website/drivers/G/GEORUS01_George_Russell/georus01.png.transform/1col/image.png,4,10
RUS,George Russell,Mercedes,Belgian,Belgian Grand Prix,10.0,172,4,4e,https://media.formula1.com/d_driver_fallback_image.png/content/dam/fom-website/drivers/G/GEORUS01_George_Russell/georus01.png.transform/1col/image.png,6,5
RUS,George Russell,Mercedes,Hungarian,Hungarian Grand Prix,15.0,172,4,4e,https://media.formula1.com/d_driver_fallback_image.png/content/dam/fom-website/drivers/G/GEORUS01_George_Russell/georus01.png.transform/1col/image.png,4,3
LEC,Charles Leclerc,Ferrari,Australian,Australian Grand Prix,4.0,151,5,5e,https://media.formula1.com/d_driver_fallback_image.png/content/dam/fom-website/drivers/C/CHALEC01_Charles_Leclerc/chalec01.png.transform/1col/image.png,7,8
LEC,Charles Leclerc,Ferrari,Chinese,Chinese Grand Prix,4.0,151,5,5e,https://media.formula1.com/d_driver_fallback_image.png/content/dam/fom-website/drivers/C/CHALEC01_Charles_Leclerc/chalec01.png.transform/1col/image.png,6,18
LEC,Charles Leclerc,Ferrari,Japanese,Japanese Grand Prix,12.0,151,5,5e,https://media.formula1.com/d_driver_fallback_image.png/content/dam/fom-website/drivers/C/CHALEC01_Charles_Leclerc/chalec01.png.transform/1col/image.png,4,4
LEC,Charles Leclerc,Ferrari,Bahrain,Bahrain Grand Prix,12.0,151,5,5e,https://media.formula1.com/d_driver_fallback_image.png/content/dam/fom-website/drivers/C/CHALEC01_Charles_Leclerc/chalec01.png.transform/1col/image.png,2,4
LEC,Charles Leclerc,Ferrari,Saudi Arabian,Saudi Arabian Grand Prix,15.0,151,5,5e,https://media.formula1.com/d_driver_fallback_image.png/content/dam/fom-website/drivers/C/CHALEC01_Charles_Leclerc/chalec01.png.transform/1col/image.png,4,3
LEC,Charles Leclerc,Ferrari,Miami,Miami Grand Prix,6.0,151,5,5e,https://media.formula1.com/d_driver_fallback_image.png/content/dam/fom-website/drivers/C/CHALEC01_Charles_Leclerc/chalec01.png.transform/1col/image.png,8,7
LEC,Charles Leclerc,Ferrari,Emilia Romagna,Emilia Romagna Grand Prix,8.0,151,5,5e,https://media.formula1.com/d_driver_fallback_image.png/content/dam/fom-website/drivers/C/CHALEC01_Charles_Leclerc/chalec01.png.transform/1col/image.png,11,6
LEC,Charles Leclerc,Ferrari,Monaco,Monaco Grand Prix,18.0,151,5,5e,https://media.formula1.com/d_driver_fallback_image.png/content/dam/fom-website/drivers/C/CHALEC01_Charles_Leclerc/chalec01.png.transform/1col/image.png,2,2
LEC,Charles Leclerc,Ferrari,Spanish,Spanish Grand Prix,15.0,151,5,5e,https://media.formula1.com/d_driver_fallback_image.png/content/dam/fom-website/drivers/C/CHALEC01_Charles_Leclerc/chalec01.png.transform/1col/image.png,7,3
LEC,Charles Leclerc,Ferrari,Canadian,Canadian Grand Prix,10.0,151,5,5e,https://media.formula1.com/d_driver_fallback_image.png/content/dam/fom-website/drivers/C/CHALEC01_Charles_Leclerc/chalec01.png.transform/1col/image.png,8,5
LEC,Charles Leclerc,Ferrari,Austrian,Austrian Grand Prix,15.0,151,5,5e,https://media.formula1.com/d_driver_fallback_image.png/content/dam/fom-website/drivers/C/CHALEC01_Charles_Leclerc/chalec01.png.transform/1col/image.png,2,3
LEC,Charles Leclerc,Ferrari,British,British Grand Prix,0.0,151,5,5e,https://media.formula1.com/d_driver_fallback_image.png/content/dam/fom-website/drivers/C/CHALEC01_Charles_Leclerc/chalec01.png.transform/1col/image.png,6,14
LEC,Charles Leclerc,Ferrari,Belgian,Belgian Grand Prix,20.0,151,5,5e,https://media.formula1.com/d_driver_fallback_image.png/content/dam/fom-website/drivers/C/CHALEC01_Charles_Leclerc/chalec01.png.transform/1col/image.png,3,3
LEC,Charles Leclerc,Ferrari,Hungarian,Hungarian Grand Prix,12.0,151,5,5e,https://media.formula1.com/d_driver_fallback_image.png/content/dam/fom-website/drivers/C/CHALEC01_Charles_Leclerc/chalec01.png.transform/1col/image.png,1,4
HAM,Lewis Hamilton,Ferrari,Australian,Australian Grand Prix,1.0,109,6,6e,https://media.formula1.com/d_driver_fallback_image.png/content/dam/fom-website/drivers/L/LEWHAM01_Lewis_Hamilton/lewham01.png.transform/1col/image.png,8,10
HAM,Lewis Hamilton,Ferrari,Chinese,Chinese Grand Prix,8.0,109,6,6e,https://media.formula1.com/d_driver_fallback_image.png/content/dam/fom-website/drivers/L/LEWHAM01_Lewis_Hamilton/lewham01.png.transform/1col/image.png,5,19
HAM,Lewis Hamilton,Ferrari,Japanese,Japanese Grand Prix,6.0,109,6,6e,https://media.formula1.com/d_driver_fallback_image.png/content/dam/fom-website/drivers/L/LEWHAM01_Lewis_Hamilton/lewham01.png.transform/1col/image.png,8,7
HAM,Lewis Hamilton,Ferrari,Bahrain,Bahrain Grand Prix,10.0,109,6,6e,https://media.formula1.com/d_driver_fallback_image.png/content/dam/fom-website/drivers/L/LEWHAM01_Lewis_Hamilton/lewham01.png.transform/1col/image.png,9,5
HAM,Lewis Hamilton,Ferrari,Saudi Arabian,Saudi Arabian Grand Prix,6.0,109,6,6e,https://media.formula1.com/d_driver_fallback_image.png/content/dam/fom-website/drivers/L/LEWHAM01_Lewis_Hamilton/lewham01.png.transform/1col/image.png,7,7
HAM,Lewis Hamilton,Ferrari,Miami,Miami Grand Prix,10.0,109,6,6e,https://media.formula1.com/d_driver_fallback_image.png/content/dam/fom-website/drivers/L/LEWHAM01_Lewis_Hamilton/lewham01.png.transform/1col/image.png,12,8
HAM,Lewis Hamilton,Ferrari,Emilia Romagna,Emilia Romagna Grand Prix,12.0,109,6,6e,https://media.formula1.com/d_driver_fallback_image.png/content/dam/fom-website/drivers/L/LEWHAM01_Lewis_Hamilton/lewham01.png.transform/1col/image.png,12,4
HAM,Lewis Hamilton,Ferrari,Monaco,Monaco Grand Prix,10.0,109,6,6e,https://media.formula1.com/d_driver_fallback_image.png/content/dam/fom-website/drivers/L/LEWHAM01_Lewis_Hamilton/lewham01.png.transform/1col/image.png,7,5
HAM,Lewis Hamilton,Ferrari,Spanish,Spanish Grand Prix,8.0,109,6,6e,https://media.formula1.com/d_driver_fallback_image.png/content/dam/fom-website/drivers/L/LEWHAM01_Lewis_Hamilton/lewham01.png.transform/1col/image.png,5,6
HAM,Lewis Hamilton,Ferrari,Canadian,Canadian Grand Prix,8.0,109,6,6e,https://media.formula1.com/d_driver_fallback_image.png/content/dam/fom-website/drivers/L/LEWHAM01_Lewis_Hamilton/lewham01.png.transform/1col/image.png,5,6
HAM,Lewis Hamilton,Ferrari,Austrian,Austrian Grand Prix,12.0,109,6,6e,https://media.formula1.com/d_driver_fallback_image.png/content/dam/fom-website/drivers/L/LEWHAM01_Lewis_Hamilton/lewham01.png.transform/1col/image.png,4,4
HAM,Lewis Hamilton,Ferrari,British,British Grand Prix,12.0,109,6,6e,https://media.formula1.com/d_driver_fallback_image.png/content/dam/fom-website/drivers/L/LEWHAM01_Lewis_Hamilton/lewham01.png.transform/1col/image.png,5,4
HAM,Lewis Hamilton,Ferrari,Belgian,Belgian Grand Prix,6.0,109,6,6e,https://media.formula1.com/d_driver_fallback_image.png/content/dam/fom-website/drivers/L/LEWHAM01_Lewis_Hamilton/lewham01.png.transform/1col/image.png,18,7
HAM,Lewis Hamilton,Ferrari,Hungarian,Hungarian Grand Prix,0.0,109,6,6e,https://media.formula1.com/d_driver_fallback_image.png/content/dam/fom-website/drivers/L/LEWHAM01_Lewis_Hamilton/lewham01.png.transform/1col/image.png,12,12
ANT,Andrea Kimi Antonelli,Mercedes,Australian,Australian Grand Prix,12.0,64,7,7e,https://media.formula1.com/d_driver_fallback_image.png/content/dam/fom-website/drivers/A/ANDANT01_Andrea%20Kimi_Antonelli/andant01.png.transform/1col/image.png,16,4
ANT,Kimi Antonelli,Mercedes,Chinese,Chinese Grand Prix,10.0,64,7,7e,https://media.formula1.com/d_driver_fallback_image.png/content/dam/fom-website/drivers/A/ANDANT01_Andrea%20Kimi_Antonelli/andant01.png.transform/1col/image.png,8,6
ANT,Kimi Antonelli,Mercedes,Japanese,Japanese Grand Prix,8.0,64,7,7e,https://media.formula1.com/d_driver_fallback_image.png/content/dam/fom-website/drivers/A/ANDANT01_Andrea%20Kimi_Antonelli/andant01.png.transform/1col/image.png,6,6
ANT,Kimi Antonelli,Mercedes,Bahrain,Bahrain Grand Prix,0.0,64,7,7e,https://media.formula1.com/d_driver_fallback_image.png/content/dam/fom-website/drivers/A/ANDANT01_Andrea%20Kimi_Antonelli/andant01.png.transform/1col/image.png,5,11
ANT,Kimi Antonelli,Mercedes,Saudi Arabian,Saudi Arabian Grand Prix,8.0,64,7,7e,https://media.formula1.com/d_driver_fallback_image.png/content/dam/fom-website/drivers/A/ANDANT01_Andrea%20Kimi_Antonelli/andant01.png.transform/1col/image.png,5,6
ANT,Kimi Antonelli,Mercedes,Miami,Miami Grand Prix,10.0,64,7,7e,https://media.formula1.com/d_driver_fallback_image.png/content/dam/fom-website/drivers/A/ANDANT01_Andrea%20Kimi_Antonelli/andant01.png.transform/1col/image.png,3,6
ANT,Kimi Antonelli,Mercedes,Emilia Romagna,Emilia Romagna Grand Prix,0.0,64,7,7e,https://media.formula1.com/d_driver_fallback_image.png/content/dam/fom-website/drivers/A/ANDANT01_Andrea%20Kimi_Antonelli/andant01.png.transform/1col/image.png,13,19
ANT,Kimi Antonelli,Mercedes,Monaco,Monaco Grand Prix,0.0,64,7,7e,https://media.formula1.com/d_driver_fallback_image.png/content/dam/fom-website/drivers/A/ANDANT01_Andrea%20Kimi_Antonelli/andant01.png.transform/1col/image.png,15,18
ANT,Kimi Antonelli,Mercedes,Spanish,Spanish Grand Prix,0.0,64,7,7e,https://media.formula1.com/d_driver_fallback_image.png/content/dam/fom-website/drivers/A/ANDANT01_Andrea%20Kimi_Antonelli/andant01.png.transform/1col/image.png,6,18
ANT,Kimi Antonelli,Mercedes,Canadian,Canadian Grand Prix,15.0,64,7,7e,https://media.formula1.com/d_driver_fallback_image.png/content/dam/fom-website/drivers/A/ANDANT01_Andrea%20Kimi_Antonelli/andant01.png.transform/1col/image.png,4,3
ANT,Kimi Antonelli,Mercedes,Austrian,Austrian Grand Prix,0.0,64,7,7e,https://media.formula1.com/d_driver_fallback_image.png/content/dam/fom-website/drivers/A/ANDANT01_Andrea%20Kimi_Antonelli/andant01.png.transform/1col/image.png,9,19
ANT,Kimi Antonelli,Mercedes,British,British Grand Prix,0.0,64,7,7e,https://media.formula1.com/d_driver_fallback_image.png/content/dam/fom-website/drivers/A/ANDANT01_Andrea%20Kimi_Antonelli/andant01.png.transform/1col/image.png,10,16
ANT,Kimi Antonelli,Mercedes,Belgian,Belgian Grand Prix,0.0,64,7,7e,https://media.formula1.com/d_driver_fallback_image.png/content/dam/fom-website/drivers/A/ANDANT01_Andrea%20Kimi_Antonelli/andant01.png.transform/1col/image.png,19,16
ANT,Kimi Antonelli,Mercedes,Hungarian,Hungarian Grand Prix,1.0,64,7,7e,https://media.formula1.com/d_driver_fallback_image.png/content/dam/fom-website/drivers/A/ANDANT01_Andrea%20Kimi_Antonelli/andant01.png.transform/1col/image.png,15,10
ALB,Alexander Albon,Williams,Australian,Australian Grand Prix,10.0,54,8,8e,https://media.formula1.com/d_driver_fallback_image.png/content/dam/fom-website/drivers/A/ALEALB01_Alexander_Albon/alealb01.png.transform/1col/image.png,6,5
ALB,Alexander Albon,Williams,Chinese,Chinese Grand Prix,6.0,54,8,8e,https://media.formula1.com/d_driver_fallback_image.png/content/dam/fom-website/drivers/A/ALEALB01_Alexander_Albon/alealb01.png.transform/1col/image.png,10,7
ALB,Alexander Albon,Williams,Japanese,Japanese Grand Prix,2.0,54,8,8e,https://media.formula1.com/d_driver_fallback_image.png/content/dam/fom-website/drivers/A/ALEALB01_Alexander_Albon/alealb01.png.transform/1col/image.png,9,9
ALB,Alexander Albon,Williams,Bahrain,Bahrain Grand Prix,0.0,54,8,8e,https://media.formula1.com/d_driver_fallback_image.png/content/dam/fom-website/drivers/A/ALEALB01_Alexander_Albon/alealb01.png.transform/1col/image.png,15,12
ALB,Alexander Albon,Williams,Saudi Arabian,Saudi Arabian Grand Prix,2.0,54,8,8e,https://media.formula1.com/d_driver_fallback_image.png/content/dam/fom-website/drivers/A/ALEALB01_Alexander_Albon/alealb01.png.transform/1col/image.png,11,9
ALB,Alexander Albon,Williams,Miami,Miami Grand Prix,10.0,54,8,8e,https://media.formula1.com/d_driver_fallback_image.png/content/dam/fom-website/drivers/A/ALEALB01_Alexander_Albon/alealb01.png.transform/1col/image.png,7,5
ALB,Alexander Albon,Williams,Emilia Romagna,Emilia Romagna Grand Prix,10.0,54,8,8e,https://media.formula1.com/d_driver_fallback_image.png/content/dam/fom-website/drivers/A/ALEALB01_Alexander_Albon/alealb01.png.transform/1col/image.png,7,5
ALB,Alexander Albon,Williams,Monaco,Monaco Grand Prix,2.0,54,8,8e,https://media.formula1.com/d_driver_fallback_image.png/content/dam/fom-website/drivers/A/ALEALB01_Alexander_Albon/alealb01.png.transform/1col/image.png,10,9
ALB,Alexander Albon,Williams,Spanish,Spanish Grand Prix,0.0,54,8,8e,https://media.formula1.com/d_driver_fallback_image.png/content/dam/fom-website/drivers/A/ALEALB01_Alexander_Albon/alealb01.png.transform/1col/image.png,11,19
ALB,Alexander Albon,Williams,Canadian,Canadian Grand Prix,0.0,54,8,8e,https://media.formula1.com/d_driver_fallback_image.png/content/dam/fom-website/drivers/A/ALEALB01_Alexander_Albon/alealb01.png.transform/1col/image.png,9,20
ALB,Alexander Albon,Williams,Austrian,Austrian Grand Prix,0.0,54,8,8e,https://media.formula1.com/d_driver_fallback_image.png/content/dam/fom-website/drivers/A/ALEALB01_Alexander_Albon/alealb01.png.transform/1col/image.png,12,17
ALB,Alexander Albon,Williams,British,British Grand Prix,4.0,54,8,8e,https://media.formula1.com/d_driver_fallback_image.png/content/dam/fom-website/drivers/A/ALEALB01_Alexander_Albon/alealb01.png.transform/1col/image.png,13,8
ALB,Alexander Albon,Williams,Belgian,Belgian Grand Prix,8.0,54,8,8e,https://media.formula1.com/d_driver_fallback_image.png/content/dam/fom-website/drivers/A/ALEALB01_Alexander_Albon/alealb01.png.transform/1col/image.png,5,6
ALB,Alexander Albon,Williams,Hungarian,Hungarian Grand Prix,0.0,54,8,8e,https://media.formula1.com/d_driver_fallback_image.png/content/dam/fom-website/drivers/A/ALEALB01_Alexander_Albon/alealb01.png.transform/1col/image.png,19,15
HUL,Nico Hulkenberg,Kick Sauber,Australian,Australian Grand Prix,6.0,37,9,9e,https://media.formula1.com/d_driver_fallback_image.png/content/dam/fom-website/drivers/N/NICHUL01_Nico_Hulkenberg/nichul01.png.transform/1col/image.png,17,7
HUL,Nico Hulkenberg,Kick Sauber,Chinese,Chinese Grand Prix,0.0,37,9,9e,https://media.formula1.com/d_driver_fallback_image.png/content/dam/fom-website/drivers/N/NICHUL01_Nico_Hulkenberg/nichul01.png.transform/1col/image.png,12,15
HUL,Nico Hulkenberg,Kick Sauber,Japanese,Japanese Grand Prix,0.0,37,9,9e,https://media.formula1.com/d_driver_fallback_image.png/content/dam/fom-website/drivers/N/NICHUL01_Nico_Hulkenberg/nichul01.png.transform/1col/image.png,16,16
HUL,Nico Hulkenberg,Kick Sauber,Bahrain,Bahrain Grand Prix,0.0,37,9,9e,https://media.formula1.com/d_driver_fallback_image.png/content/dam/fom-website/drivers/N/NICHUL01_Nico_Hulkenberg/nichul01.png.transform/1col/image.png,16,20
HUL,Nico Hulkenberg,Kick Sauber,Saudi Arabian,Saudi Arabian Grand Prix,0.0,37,9,9e,https://media.formula1.com/d_driver_fallback_image.png/content/dam/fom-website/drivers/N/NICHUL01_Nico_Hulkenberg/nichul01.png.transform/1col/image.png,18,15
HUL,Nico Hulkenberg,Kick Sauber,Miami,Miami Grand Prix,0.0,37,9,9e,https://media.formula1.com/d_driver_fallback_image.png/content/dam/fom-website/drivers/N/NICHUL01_Nico_Hulkenberg/nichul01.png.transform/1col/image.png,16,14
HUL,Nico Hulkenberg,Kick Sauber,Emilia Romagna,Emilia Romagna Grand Prix,0.0,37,9,9e,https://media.formula1.com/d_driver_fallback_image.png/content/dam/fom-website/drivers/N/NICHUL01_Nico_Hulkenberg/nichul01.png.transform/1col/image.png,17,12
HUL,Nico Hulkenberg,Kick Sauber,Monaco,Monaco Grand Prix,0.0,37,9,9e,https://media.formula1.com/d_driver_fallback_image.png/content/dam/fom-website/drivers/N/NICHUL01_Nico_Hulkenberg/nichul01.png.transform/1col/image.png,13,16
HUL,Nico Hulkenberg,Kick Sauber,Spanish,Spanish Grand Prix,10.0,37,9,9e,https://media.formula1.com/d_driver_fallback_image.png/content/dam/fom-website/drivers/N/NICHUL01_Nico_Hulkenberg/nichul01.png.transform/1col/image.png,15,5
HUL,Nico Hulkenberg,Kick Sauber,Canadian,Canadian Grand Prix,4.0,37,9,9e,https://media.formula1.com/d_driver_fallback_image.png/content/dam/fom-website/drivers/N/NICHUL01_Nico_Hulkenberg/nichul01.png.transform/1col/image.png,11,8
HUL,Nico Hulkenberg,Kick Sauber,Austrian,Austrian Grand Prix,2.0,37,9,9e,https://media.formula1.com/d_driver_fallback_image.png/content/dam/fom-website/drivers/N/NICHUL01_Nico_Hulkenberg/nichul01.png.transform/1col/image.png,20,9
HUL,Nico Hulkenberg,Kick Sauber,British,British Grand Prix,15.0,37,9,9e,https://media.formula1.com/d_driver_fallback_image.png/content/dam/fom-website/drivers/N/NICHUL01_Nico_Hulkenberg/nichul01.png.transform/1col/image.png,19,3
HUL,Nico Hulkenberg,Kick Sauber,Belgian,Belgian Grand Prix,0.0,37,9,9e,https://media.formula1.com/d_driver_fallback_image.png/content/dam/fom-website/drivers/N/NICHUL01_Nico_Hulkenberg/nichul01.png.transform/1col/image.png,14,12
HUL,Nico Hulkenberg,Kick Sauber,Hungarian,Hungarian Grand Prix,0.0,37,9,9e,https://media.formula1.com/d_driver_fallback_image.png/content/dam/fom-website/drivers/N/NICHUL01_Nico_Hulkenberg/nichul01.png.transform/1col/image.png,18,13
OCO,Esteban Ocon,Haas F1 Team,Australian,Australian Grand Prix,0.0,27,10,10e,https://media.formula1.com/d_driver_fallback_image.png/content/dam/fom-website/drivers/E/ESTOCO01_Esteban_Ocon/estoco01.png.transform/1col/image.png,19,13
OCO,Esteban Ocon,Haas F1 Team,Chinese,Chinese Grand Prix,10.0,27,10,10e,https://media.formula1.com/d_driver_fallback_image.png/content/dam/fom-website/drivers/E/ESTOCO01_Esteban_Ocon/estoco01.png.transform/1col/image.png,11,5
OCO,Esteban Ocon,Haas F1 Team,Japanese,Japanese Grand Prix,0.0,27,10,10e,https://media.formula1.com/d_driver_fallback_image.png/content/dam/fom-website/drivers/E/ESTOCO01_Esteban_Ocon/estoco01.png.transform/1col/image.png,18,18
OCO,Esteban Ocon,Haas F1 Team,Bahrain,Bahrain Grand Prix,4.0,27,10,10e,https://media.formula1.com/d_driver_fallback_image.png/content/dam/fom-website/drivers/E/ESTOCO01_Esteban_Ocon/estoco01.png.transform/1col/image.png,14,8
OCO,Esteban Ocon,Haas F1 Team,Saudi Arabian,Saudi Arabian Grand Prix,0.0,27,10,10e,https://media.formula1.com/d_driver_fallback_image.png/content/dam/fom-website/drivers/E/ESTOCO01_Esteban_Ocon/estoco01.png.transform/1col/image.png,19,14
OCO,Esteban Ocon,Haas F1 Team,Miami,Miami Grand Prix,0.0,27,10,10e,https://media.formula1.com/d_driver_fallback_image.png/content/dam/fom-website/drivers/E/ESTOCO01_Esteban_Ocon/estoco01.png.transform/1col/image.png,9,12
OCO,Esteban Ocon,Haas F1 Team,Emilia Romagna,Emilia Romagna Grand Prix,0.0,27,10,10e,https://media.formula1.com/d_driver_fallback_image.png/content/dam/fom-website/drivers/E/ESTOCO01_Esteban_Ocon/estoco01.png.transform/1col/image.png,18,20
OCO,Esteban Ocon,Haas F1 Team,Monaco,Monaco Grand Prix,6.0,27,10,10e,https://media.formula1.com/d_driver_fallback_image.png/content/dam/fom-website/drivers/E/ESTOCO01_Esteban_Ocon/estoco01.png.transform/1col/image.png,8,7
OCO,Esteban Ocon,Haas F1 Team,Spanish,Spanish Grand Prix,0.0,27,10,10e,https://media.formula1.com/d_driver_fallback_image.png/content/dam/fom-website/drivers/E/ESTOCO01_Esteban_Ocon/estoco01.png.transform/1col/image.png,16,16
OCO,Esteban Ocon,Haas F1 Team,Canadian,Canadian Grand Prix,2.0,27,10,10e,https://media.formula1.com/d_driver_fallback_image.png/content/dam/fom-website/drivers/E/ESTOCO01_Esteban_Ocon/estoco01.png.transform/1col/image.png,14,9
OCO,Esteban Ocon,Haas F1 Team,Austrian,Austrian Grand Prix,1.0,27,10,10e,https://media.formula1.com/d_driver_fallback_image.png/content/dam/fom-website/drivers/E/ESTOCO01_Esteban_Ocon/estoco01.png.transform/1col/image.png,17,10
OCO,Esteban Ocon,Haas F1 Team,British,British Grand Prix,0.0,27,10,10e,https://media.formula1.com/d_driver_fallback_image.png/content/dam/fom-website/drivers/E/ESTOCO01_Esteban_Ocon/estoco01.png.transform/1col/image.png,14,13
OCO,Esteban Ocon,Haas F1 Team,Belgian,Belgian Grand Prix,4.0,27,10,10e,https://media.formula1.com/d_driver_fallback_image.png/content/dam/fom-website/drivers/E/ESTOCO01_Esteban_Ocon/estoco01.png.transform/1col/image.png,11,15
OCO,Esteban Ocon,Haas F1 Team,Hungarian,Hungarian Grand Prix,0.0,27,10,10e,https://media.formula1.com/d_driver_fallback_image.png/content/dam/fom-website/drivers/E/ESTOCO01_Esteban_Ocon/estoco01.png.transform/1col/image.png,17,16
STR,Lance Stroll,Aston Martin,Australian,Australian Grand Prix,8.0,26,11,11e,https://media.formula1.com/d_driver_fallback_image.png/content/dam/fom-website/drivers/L/LANSTR01_Lance_Stroll/lanstr01.png.transform/1col/image.png,13,6
STR,Lance Stroll,Aston Martin,Chinese,Chinese Grand Prix,2.0,26,11,11e,https://media.formula1.com/d_driver_fallback_image.png/content/dam/fom-website/drivers/L/LANSTR01_Lance_Stroll/lanstr01.png.transform/1col/image.png,14,9
STR,Lance Stroll,Aston Martin,Japanese,Japanese Grand Prix,0.0,26,11,11e,https://media.formula1.com/d_driver_fallback_image.png/content/dam/fom-website/drivers/L/LANSTR01_Lance_Stroll/lanstr01.png.transform/1col/image.png,20,20
STR,Lance Stroll,Aston Martin,Bahrain,Bahrain Grand Prix,0.0,26,11,11e,https://media.formula1.com/d_driver_fallback_image.png/content/dam/fom-website/drivers/L/LANSTR01_Lance_Stroll/lanstr01.png.transform/1col/image.png,19,17
STR,Lance Stroll,Aston Martin,Saudi Arabian,Saudi Arabian Grand Prix,0.0,26,11,11e,https://media.formula1.com/d_driver_fallback_image.png/content/dam/fom-website/drivers/L/LANSTR01_Lance_Stroll/lanstr01.png.transform/1col/image.png,16,16
STR,Lance Stroll,Aston Martin,Miami,Miami Grand Prix,4.0,26,11,11e,https://media.formula1.com/d_driver_fallback_image.png/content/dam/fom-website/drivers/L/LANSTR01_Lance_Stroll/lanstr01.png.transform/1col/image.png,18,16
STR,Lance Stroll,Aston Martin,Emilia Romagna,Emilia Romagna Grand Prix,0.0,26,11,11e,https://media.formula1.com/d_driver_fallback_image.png/content/dam/fom-website/drivers/L/LANSTR01_Lance_Stroll/lanstr01.png.transform/1col/image.png,8,15
STR,Lance Stroll,Aston Martin,Monaco,Monaco Grand Prix,0.0,26,11,11e,https://media.formula1.com/d_driver_fallback_image.png/content/dam/fom-website/drivers/L/LANSTR01_Lance_Stroll/lanstr01.png.transform/1col/image.png,19,15
STR,Lance Stroll,Aston Martin,Canadian,Canadian Grand Prix,0.0,26,11,11e,https://media.formula1.com/d_driver_fallback_image.png/content/dam/fom-website/drivers/L/LANSTR01_Lance_Stroll/lanstr01.png.transform/1col/image.png,17,17
STR,Lance Stroll,Aston Martin,Austrian,Austrian Grand Prix,0.0,26,11,11e,https://media.formula1.com/d_driver_fallback_image.png/content/dam/fom-website/drivers/L/LANSTR01_Lance_Stroll/lanstr01.png.transform/1col/image.png,16,14
STR,Lance Stroll,Aston Martin,British,British Grand Prix,6.0,26,11,11e,https://media.formula1.com/d_driver_fallback_image.png/content/dam/fom-website/drivers/L/LANSTR01_Lance_Stroll/lanstr01.png.transform/1col/image.png,17,7
STR,Lance Stroll,Aston Martin,Belgian,Belgian Grand Prix,0.0,26,11,11e,https://media.formula1.com/d_driver_fallback_image.png/content/dam/fom-website/drivers/L/LANSTR01_Lance_Stroll/lanstr01.png.transform/1col/image.png,16,14
STR,Lance Stroll,Aston Martin,Hungarian,Hungarian Grand Prix,6.0,26,11,11e,https://media.formula1.com/d_driver_fallback_image.png/content/dam/fom-website/drivers/L/LANSTR01_Lance_Stroll/lanstr01.png.transform/1col/image.png,6,7
ALO,Fernando Alonso,Aston Martin,Australian,Australian Grand Prix,0.0,26,11,11e,https://media.formula1.com/d_driver_fallback_image.png/content/dam/fom-website/drivers/F/FERALO01_Fernando_Alonso/feralo01.png.transform/1col/image.png,12,17
ALO,Fernando Alonso,Aston Martin,Chinese,Chinese Grand Prix,0.0,26,11,11e,https://media.formula1.com/d_driver_fallback_image.png/content/dam/fom-website/drivers/F/FERALO01_Fernando_Alonso/feralo01.png.transform/1col/image.png,13,17
ALO,Fernando Alonso,Aston Martin,Japanese,Japanese Grand Prix,0.0,26,11,11e,https://media.formula1.com/d_driver_fallback_image.png/content/dam/fom-website/drivers/F/FERALO01_Fernando_Alonso/feralo01.png.transform/1col/image.png,12,11
ALO,Fernando Alonso,Aston Martin,Bahrain,Bahrain Grand Prix,0.0,26,11,11e,https://media.formula1.com/d_driver_fallback_image.png/content/dam/fom-website/drivers/F/FERALO01_Fernando_Alonso/feralo01.png.transform/1col/image.png,13,15
ALO,Fernando Alonso,Aston Martin,Saudi Arabian,Saudi Arabian Grand Prix,0.0,26,11,11e,https://media.formula1.com/d_driver_fallback_image.png/content/dam/fom-website/drivers/F/FERALO01_Fernando_Alonso/feralo01.png.transform/1col/image.png,13,11
ALO,Fernando Alonso,Aston Martin,Miami,Miami Grand Prix,0.0,26,11,11e,https://media.formula1.com/d_driver_fallback_image.png/content/dam/fom-website/drivers/F/FERALO01_Fernando_Alonso/feralo01.png.transform/1col/image.png,17,15
ALO,Fernando Alonso,Aston Martin,Emilia Romagna,Emilia Romagna Grand Prix,0.0,26,11,11e,https://media.formula1.com/d_driver_fallback_image.png/content/dam/fom-website/drivers/F/FERALO01_Fernando_Alonso/feralo01.png.transform/1col/image.png,5,11
ALO,Fernando Alonso,Aston Martin,Monaco,Monaco Grand Prix,0.0,26,11,11e,https://media.formula1.com/d_driver_fallback_image.png/content/dam/fom-website/drivers/F/FERALO01_Fernando_Alonso/feralo01.png.transform/1col/image.png,6,19
ALO,Fernando Alonso,Aston Martin,Spanish,Spanish Grand Prix,2.0,26,11,11e,https://media.formula1.com/d_driver_fallback_image.png/content/dam/fom-website/drivers/F/FERALO01_Fernando_Alonso/feralo01.png.transform/1col/image.png,10,9
ALO,Fernando Alonso,Aston Martin,Canadian,Canadian Grand Prix,6.0,26,11,11e,https://media.formula1.com/d_driver_fallback_image.png/content/dam/fom-website/drivers/F/FERALO01_Fernando_Alonso/feralo01.png.transform/1col/image.png,6,7
ALO,Fernando Alonso,Aston Martin,Austrian,Austrian Grand Prix,6.0,26,11,11e,https://media.formula1.com/d_driver_fallback_image.png/content/dam/fom-website/drivers/F/FERALO01_Fernando_Alonso/feralo01.png.transform/1col/image.png,11,7
ALO,Fernando Alonso,Aston Martin,British,British Grand Prix,2.0,26,11,11e,https://media.formula1.com/d_driver_fallback_image.png/content/dam/fom-website/drivers/F/FERALO01_Fernando_Alonso/feralo01.png.transform/1col/image.png,7,9
ALO,Fernando Alonso,Aston Martin,Belgian,Belgian Grand Prix,0.0,26,11,11e,https://media.formula1.com/d_driver_fallback_image.png/content/dam/fom-website/drivers/F/FERALO01_Fernando_Alonso/feralo01.png.transform/1col/image.png,20,17
ALO,Fernando Alonso,Aston Martin,Hungarian,Hungarian Grand Prix,10.0,26,11,11e,https://media.formula1.com/d_driver_fallback_image.png/content/dam/fom-website/drivers/F/FERALO01_Fernando_Alonso/feralo01.png.transform/1col/image.png,5,5
HAD,Isack Hadjar,Racing Bulls,Australian,Australian Grand Prix,0.0,22,13,13e,https://media.formula1.com/d_driver_fallback_image.png/content/dam/fom-website/drivers/I/ISAHAD01_Isack_Hadjar/isahad01.png.transform/1col/image.png,11,20
HAD,Isack Hadjar,Racing Bulls,Chinese,Chinese Grand Prix,0.0,22,13,13e,https://media.formula1.com/d_driver_fallback_image.png/content/dam/fom-website/drivers/I/ISAHAD01_Isack_Hadjar/isahad01.png.transform/1col/image.png,7,11
HAD,Isack Hadjar,Racing Bulls,Japanese,Japanese Grand Prix,4.0,22,13,13e,https://media.formula1.com/d_driver_fallback_image.png/content/dam/fom-website/drivers/I/ISAHAD01_Isack_Hadjar/isahad01.png.transform/1col/image.png,7,8
HAD,Isack Hadjar,Racing Bulls,Bahrain,Bahrain Grand Prix,0.0,22,13,13e,https://media.formula1.com/d_driver_fallback_image.png/content/dam/fom-website/drivers/I/ISAHAD01_Isack_Hadjar/isahad01.png.transform/1col/image.png,12,13
HAD,Isack Hadjar,Racing Bulls,Saudi Arabian,Saudi Arabian Grand Prix,1.0,22,13,13e,https://media.formula1.com/d_driver_fallback_image.png/content/dam/fom-website/drivers/I/ISAHAD01_Isack_Hadjar/isahad01.png.transform/1col/image.png,14,10
HAD,Isack Hadjar,Racing Bulls,Miami,Miami Grand Prix,0.0,22,13,13e,https://media.formula1.com/d_driver_fallback_image.png/content/dam/fom-website/drivers/I/ISAHAD01_Isack_Hadjar/isahad01.png.transform/1col/image.png,11,11
HAD,Isack Hadjar,Racing Bulls,Emilia Romagna,Emilia Romagna Grand Prix,2.0,22,13,13e,https://media.formula1.com/d_driver_fallback_image.png/content/dam/fom-website/drivers/I/ISAHAD01_Isack_Hadjar/isahad01.png.transform/1col/image.png,9,9
HAD,Isack Hadjar,Racing Bulls,Monaco,Monaco Grand Prix,8.0,22,13,13e,https://media.formula1.com/d_driver_fallback_image.png/content/dam/fom-website/drivers/I/ISAHAD01_Isack_Hadjar/isahad01.png.transform/1col/image.png,5,6
HAD,Isack Hadjar,Racing Bulls,Spanish,Spanish Grand Prix,6.0,22,13,13e,https://media.formula1.com/d_driver_fallback_image.png/content/dam/fom-website/drivers/I/ISAHAD01_Isack_Hadjar/isahad01.png.transform/1col/image.png,9,7
HAD,Isack Hadjar,Racing Bulls,Canadian,Canadian Grand Prix,0.0,22,13,13e,https://media.formula1.com/d_driver_fallback_image.png/content/dam/fom-website/drivers/I/ISAHAD01_Isack_Hadjar/isahad01.png.transform/1col/image.png,12,16
HAD,Isack Hadjar,Racing Bulls,Austrian,Austrian Grand Prix,0.0,22,13,13e,https://media.formula1.com/d_driver_fallback_image.png/content/dam/fom-website/drivers/I/ISAHAD01_Isack_Hadjar/isahad01.png.transform/1col/image.png,13,12
HAD,Isack Hadjar,Racing Bulls,British,British Grand Prix,0.0,22,13,13e,https://media.formula1.com/d_driver_fallback_image.png/content/dam/fom-website/drivers/I/ISAHAD01_Isack_Hadjar/isahad01.png.transform/1col/image.png,12,17
HAD,Isack Hadjar,Racing Bulls,Belgian,Belgian Grand Prix,1.0,22,13,13e,https://media.formula1.com/d_driver_fallback_image.png/content/dam/fom-website/drivers/I/ISAHAD01_Isack_Hadjar/isahad01.png.transform/1col/image.png,8,20
HAD,Isack Hadjar,Racing Bulls,Hungarian,Hungarian Grand Prix,0.0,22,13,13e,https://media.formula1.com/d_driver_fallback_image.png/content/dam/fom-website/drivers/I/ISAHAD01_Isack_Hadjar/isahad01.png.transform/1col/image.png,10,11
LAW,Liam Lawson,Red Bull Racing,Australian,Australian Grand Prix,0.0,20,14,14e,https://media.formula1.com/d_driver_fallback_image.png/content/dam/fom-website/drivers/L/LIALAW01_Liam_Lawson/lialaw01.png.transform/1col/image.png,18,15
LAW,Liam Lawson,Red Bull Racing,Chinese,Chinese Grand Prix,0.0,20,14,14e,https://media.formula1.com/d_driver_fallback_image.png/content/dam/fom-website/drivers/L/LIALAW01_Liam_Lawson/lialaw01.png.transform/1col/image.png,20,12
LAW,Liam Lawson,Racing Bulls,Japanese,Japanese Grand Prix,0.0,20,14,14e,https://media.formula1.com/d_driver_fallback_image.png/content/dam/fom-website/drivers/L/LIALAW01_Liam_Lawson/lialaw01.png.transform/1col/image.png,13,17
LAW,Liam Lawson,Racing Bulls,Bahrain,Bahrain Grand Prix,0.0,20,14,14e,https://media.formula1.com/d_driver_fallback_image.png/content/dam/fom-website/drivers/L/LIALAW01_Liam_Lawson/lialaw01.png.transform/1col/image.png,17,16
LAW,Liam Lawson,Racing Bulls,Saudi Arabian,Saudi Arabian Grand Prix,0.0,20,14,14e,https://media.formula1.com/d_driver_fallback_image.png/content/dam/fom-website/drivers/L/LIALAW01_Liam_Lawson/lialaw01.png.transform/1col/image.png,12,12
LAW,Liam Lawson,Racing Bulls,Miami,Miami Grand Prix,0.0,20,14,14e,https://media.formula1.com/d_driver_fallback_image.png/content/dam/fom-website/drivers/L/LIALAW01_Liam_Lawson/lialaw01.png.transform/1col/image.png,15,17
LAW,Liam Lawson,Racing Bulls,Emilia Romagna,Emilia Romagna Grand Prix,0.0,20,14,14e,https://media.formula1.com/d_driver_fallback_image.png/content/dam/fom-website/drivers/L/LIALAW01_Liam_Lawson/lialaw01.png.transform/1col/image.png,15,14
LAW,Liam Lawson,Racing Bulls,Monaco,Monaco Grand Prix,4.0,20,14,14e,https://media.formula1.com/d_driver_fallback_image.png/content/dam/fom-website/drivers/L/LIALAW01_Liam_Lawson/lialaw01.png.transform/1col/image.png,9,8
LAW,Liam Lawson,Racing Bulls,Spanish,Spanish Grand Prix,0.0,20,14,14e,https://media.formula1.com/d_driver_fallback_image.png/content/dam/fom-website/drivers/L/LIALAW01_Liam_Lawson/lialaw01.png.transform/1col/image.png,13,11
LAW,Liam Lawson,Racing Bulls,Canadian,Canadian Grand Prix,0.0,20,14,14e,https://media.formula1.com/d_driver_fallback_image.png/content/dam/fom-website/drivers/L/LIALAW01_Liam_Lawson/lialaw01.png.transform/1col/image.png,19,19
LAW,Liam Lawson,Racing Bulls,Austrian,Austrian Grand Prix,8.0,20,14,14e,https://media.formula1.com/d_driver_fallback_image.png/content/dam/fom-website/drivers/L/LIALAW01_Liam_Lawson/lialaw01.png.transform/1col/image.png,6,6
LAW,Liam Lawson,Racing Bulls,British,British Grand Prix,0.0,20,14,14e,https://media.formula1.com/d_driver_fallback_image.png/content/dam/fom-website/drivers/L/LIALAW01_Liam_Lawson/lialaw01.png.transform/1col/image.png,15,19
LAW,Liam Lawson,Racing Bulls,Belgian,Belgian Grand Prix,4.0,20,14,14e,https://media.formula1.com/d_driver_fallback_image.png/content/dam/fom-website/drivers/L/LIALAW01_Liam_Lawson/lialaw01.png.transform/1col/image.png,9,8
LAW,Liam Lawson,Racing Bulls,Hungarian,Hungarian Grand Prix,4.0,20,14,14e,https://media.formula1.com/d_driver_fallback_image.png/content/dam/fom-website/drivers/L/LIALAW01_Liam_Lawson/lialaw01.png.transform/1col/image.png,9,8
GAS,Pierre Gasly,Alpine,Australian,Australian Grand Prix,0.0,20,14,14e,https://media.formula1.com/d_driver_fallback_image.png/content/dam/fom-website/drivers/P/PIEGAS01_Pierre_Gasly/piegas01.png.transform/1col/image.png,9,11
GAS,Pierre Gasly,Alpine,Chinese,Chinese Grand Prix,0.0,20,14,14e,https://media.formula1.com/d_driver_fallback_image.png/content/dam/fom-website/drivers/P/PIEGAS01_Pierre_Gasly/piegas01.png.transform/1col/image.png,16,20
GAS,Pierre Gasly,Alpine,Japanese,Japanese Grand Prix,0.0,20,14,14e,https://media.formula1.com/d_driver_fallback_image.png/content/dam/fom-website/drivers/P/PIEGAS01_Pierre_Gasly/piegas01.png.transform/1col/image.png,11,13
GAS,Pierre Gasly,Alpine,Bahrain,Bahrain Grand Prix,6.0,20,14,14e,https://media.formula1.com/d_driver_fallback_image.png/content/dam/fom-website/drivers/P/PIEGAS01_Pierre_Gasly/piegas01.png.transform/1col/image.png,4,7
GAS,Pierre Gasly,Alpine,Saudi Arabian,Saudi Arabian Grand Prix,0.0,20,14,14e,https://media.formula1.com/d_driver_fallback_image.png/content/dam/fom-website/drivers/P/PIEGAS01_Pierre_Gasly/piegas01.png.transform/1col/image.png,9,20
GAS,Pierre Gasly,Alpine,Miami,Miami Grand Prix,1.0,20,14,14e,https://media.formula1.com/d_driver_fallback_image.png/content/dam/fom-website/drivers/P/PIEGAS01_Pierre_Gasly/piegas01.png.transform/1col/image.png,20,13
GAS,Pierre Gasly,Alpine,Emilia Romagna,Emilia Romagna Grand Prix,0.0,20,14,14e,https://media.formula1.com/d_driver_fallback_image.png/content/dam/fom-website/drivers/P/PIEGAS01_Pierre_Gasly/piegas01.png.transform/1col/image.png,10,13
GAS,Pierre Gasly,Alpine,Monaco,Monaco Grand Prix,0.0,20,14,14e,https://media.formula1.com/d_driver_fallback_image.png/content/dam/fom-website/drivers/P/PIEGAS01_Pierre_Gasly/piegas01.png.transform/1col/image.png,17,20
GAS,Pierre Gasly,Alpine,Spanish,Spanish Grand Prix,4.0,20,14,14e,https://media.formula1.com/d_driver_fallback_image.png/content/dam/fom-website/drivers/P/PIEGAS01_Pierre_Gasly/piegas01.png.transform/1col/image.png,8,8
GAS,Pierre Gasly,Alpine,Canadian,Canadian Grand Prix,0.0,20,14,14e,https://media.formula1.com/d_driver_fallback_image.png/content/dam/fom-website/drivers/P/PIEGAS01_Pierre_Gasly/piegas01.png.transform/1col/image.png,20,15
GAS,Pierre Gasly,Alpine,Austrian,Austrian Grand Prix,0.0,20,14,14e,https://media.formula1.com/d_driver_fallback_image.png/content/dam/fom-website/drivers/P/PIEGAS01_Pierre_Gasly/piegas01.png.transform/1col/image.png,10,13
GAS,Pierre Gasly,Alpine,British,British Grand Prix,8.0,20,14,14e,https://media.formula1.com/d_driver_fallback_image.png/content/dam/fom-website/drivers/P/PIEGAS01_Pierre_Gasly/piegas01.png.transform/1col/image.png,8,6
GAS,Pierre Gasly,Alpine,Belgian,Belgian Grand Prix,1.0,20,14,14e,https://media.formula1.com/d_driver_fallback_image.png/content/dam/fom-website/drivers/P/PIEGAS01_Pierre_Gasly/piegas01.png.transform/1col/image.png,13,10
GAS,Pierre Gasly,Alpine,Hungarian,Hungarian Grand Prix,0.0,20,14,14e,https://media.formula1.com/d_driver_fallback_image.png/content/dam/fom-website/drivers/P/PIEGAS01_Pierre_Gasly/piegas01.png.transform/1col/image.png,16,19
SAI,Carlos Sainz,Williams,Australian,Australian Grand Prix,0.0,16,16,16e,https://media.formula1.com/d_driver_fallback_image.png/content/dam/fom-website/drivers/C/CARSAI01_Carlos_Sainz/carsai01.png.transform/1col/image.png,10,18
SAI,Carlos Sainz,Williams,Chinese,Chinese Grand Prix,1.0,16,16,16e,https://media.formula1.com/d_driver_fallback_image.png/content/dam/fom-website/drivers/C/CARSAI01_Carlos_Sainz/carsai01.png.transform/1col/image.png,15,10
SAI,Carlos Sainz,Williams,Japanese,Japanese Grand Prix,0.0,16,16,16e,https://media.formula1.com/d_driver_fallback_image.png/content/dam/fom-website/drivers/C/CARSAI01_Carlos_Sainz/carsai01.png.transform/1col/image.png,15,14
SAI,Carlos Sainz,Williams,Bahrain,Bahrain Grand Prix,0.0,16,16,16e,https://media.formula1.com/d_driver_fallback_image.png/content/dam/fom-website/drivers/C/CARSAI01_Carlos_Sainz/carsai01.png.transform/1col/image.png,8,19
SAI,Carlos Sainz,Williams,Saudi Arabian,Saudi Arabian Grand Prix,4.0,16,16,16e,https://media.formula1.com/d_driver_fallback_image.png/content/dam/fom-website/drivers/C/CARSAI01_Carlos_Sainz/carsai01.png.transform/1col/image.png,6,8
SAI,Carlos Sainz,Williams,Miami,Miami Grand Prix,2.0,16,16,16e,https://media.formula1.com/d_driver_fallback_image.png/content/dam/fom-website/drivers/C/CARSAI01_Carlos_Sainz/carsai01.png.transform/1col/image.png,6,9
SAI,Carlos Sainz,Williams,Emilia Romagna,Emilia Romagna Grand Prix,4.0,16,16,16e,https://media.formula1.com/d_driver_fallback_image.png/content/dam/fom-website/drivers/C/CARSAI01_Carlos_Sainz/carsai01.png.transform/1col/image.png,6,8
SAI,Carlos Sainz,Williams,Monaco,Monaco Grand Prix,1.0,16,16,16e,https://media.formula1.com/d_driver_fallback_image.png/content/dam/fom-website/drivers/C/CARSAI01_Carlos_Sainz/carsai01.png.transform/1col/image.png,11,10
SAI,Carlos Sainz,Williams,Spanish,Spanish Grand Prix,0.0,16,16,16e,https://media.formula1.com/d_driver_fallback_image.png/content/dam/fom-website/drivers/C/CARSAI01_Carlos_Sainz/carsai01.png.transform/1col/image.png,17,14
SAI,Carlos Sainz,Williams,Canadian,Canadian Grand Prix,1.0,16,16,16e,https://media.formula1.com/d_driver_fallback_image.png/content/dam/fom-website/drivers/C/CARSAI01_Carlos_Sainz/carsai01.png.transform/1col/image.png,16,10
SAI,Carlos Sainz,Williams,Austrian,Austrian Grand Prix,0.0,16,16,16e,https://media.formula1.com/d_driver_fallback_image.png/content/dam/fom-website/drivers/C/CARSAI01_Carlos_Sainz/carsai01.png.transform/1col/image.png,19,20
SAI,Carlos Sainz,Williams,British,British Grand Prix,0.0,16,16,16e,https://media.formula1.com/d_driver_fallback_image.png/content/dam/fom-website/drivers/C/CARSAI01_Carlos_Sainz/carsai01.png.transform/1col/image.png,9,12
SAI,Carlos Sainz,Williams,Belgian,Belgian Grand Prix,3.0,16,16,16e,https://media.formula1.com/d_driver_fallback_image.png/content/dam/fom-website/drivers/C/CARSAI01_Carlos_Sainz/carsai01.png.transform/1col/image.png,17,18
SAI,Carlos Sainz,Williams,Hungarian,Hungarian Grand Prix,0.0,16,16,16e,https://media.formula1.com/d_driver_fallback_image.png/content/dam/fom-website/drivers/C/CARSAI01_Carlos_Sainz/carsai01.png.transform/1col/image.png,13,14
BOR,Gabriel Bortoleto,Kick Sauber,Australian,Australian Grand Prix,0.0,14,17,17e,https://media.formula1.com/d_driver_fallback_image.png/content/dam/fom-website/drivers/G/GABBOR01_Gabriel_Bortoleto/gabbor01.png.transform/1col/image.png,15,16
BOR,Gabriel Bortoleto,Kick Sauber,Chinese,Chinese Grand Prix,0.0,14,17,17e,https://media.formula1.com/d_driver_fallback_image.png/content/dam/fom-website/drivers/G/GABBOR01_Gabriel_Bortoleto/gabbor01.png.transform/1col/image.png,19,14
BOR,Gabriel Bortoleto,Kick Sauber,Japanese,Japanese Grand Prix,0.0,14,17,17e,https://media.formula1.com/d_driver_fallback_image.png/content/dam/fom-website/drivers/G/GABBOR01_Gabriel_Bortoleto/gabbor01.png.transform/1col/image.png,17,19
BOR,Gabriel Bortoleto,Kick Sauber,Bahrain,Bahrain Grand Prix,0.0,14,17,17e,https://media.formula1.com/d_driver_fallback_image.png/content/dam/fom-website/drivers/G/GABBOR01_Gabriel_Bortoleto/gabbor01.png.transform/1col/image.png,18,18
BOR,Gabriel Bortoleto,Kick Sauber,Saudi Arabian,Saudi Arabian Grand Prix,0.0,14,17,17e,https://media.formula1.com/d_driver_fallback_image.png/content/dam/fom-website/drivers/G/GABBOR01_Gabriel_Bortoleto/gabbor01.png.transform/1col/image.png,20,18
BOR,Gabriel Bortoleto,Kick Sauber,Miami,Miami Grand Prix,0.0,14,17,17e,https://media.formula1.com/d_driver_fallback_image.png/content/dam/fom-website/drivers/G/GABBOR01_Gabriel_Bortoleto/gabbor01.png.transform/1col/image.png,13,18
BOR,Gabriel Bortoleto,Kick Sauber,Emilia Romagna,Emilia Romagna Grand Prix,0.0,14,17,17e,https://media.formula1.com/d_driver_fallback_image.png/content/dam/fom-website/drivers/G/GABBOR01_Gabriel_Bortoleto/gabbor01.png.transform/1col/image.png,14,18
BOR,Gabriel Bortoleto,Kick Sauber,Monaco,Monaco Grand Prix,0.0,14,17,17e,https://media.formula1.com/d_driver_fallback_image.png/content/dam/fom-website/drivers/G/GABBOR01_Gabriel_Bortoleto/gabbor01.png.transform/1col/image.png,16,14
BOR,Gabriel Bortoleto,Kick Sauber,Spanish,Spanish Grand Prix,0.0,14,17,17e,https://media.formula1.com/d_driver_fallback_image.png/content/dam/fom-website/drivers/G/GABBOR01_Gabriel_Bortoleto/gabbor01.png.transform/1col/image.png,12,12
BOR,Gabriel Bortoleto,Kick Sauber,Canadian,Canadian Grand Prix,0.0,14,17,17e,https://media.formula1.com/d_driver_fallback_image.png/content/dam/fom-website/drivers/G/GABBOR01_Gabriel_Bortoleto/gabbor01.png.transform/1col/image.png,15,14
BOR,Gabriel Bortoleto,Kick Sauber,Austrian,Austrian Grand Prix,4.0,14,17,17e,https://media.formula1.com/d_driver_fallback_image.png/content/dam/fom-website/drivers/G/GABBOR01_Gabriel_Bortoleto/gabbor01.png.transform/1col/image.png,8,8
BOR,Gabriel Bortoleto,Kick Sauber,British,British Grand Prix,0.0,14,17,17e,https://media.formula1.com/d_driver_fallback_image.png/content/dam/fom-website/drivers/G/GABBOR01_Gabriel_Bortoleto/gabbor01.png.transform/1col/image.png,16,18
BOR,Gabriel Bortoleto,Kick Sauber,Belgian,Belgian Grand Prix,2.0,14,17,17e,https://media.formula1.com/d_driver_fallback_image.png/content/dam/fom-website/drivers/G/GABBOR01_Gabriel_Bortoleto/gabbor01.png.transform/1col/image.png,10,9
BOR,Gabriel Bortoleto,Kick Sauber,Hungarian,Hungarian Grand Prix,8.0,14,17,17e,https://media.formula1.com/d_driver_fallback_image.png/content/dam/fom-website/drivers/G/GABBOR01_Gabriel_Bortoleto/gabbor01.png.transform/1col/image.png,7,6
TSU,Yuki Tsunoda,Racing Bulls,Australian,Australian Grand Prix,0.0,10,18,18e,https://media.formula1.com/d_driver_fallback_image.png/content/dam/fom-website/drivers/Y/YUKTSU01_Yuki_Tsunoda/yuktsu01.png.transform/1col/image.png,5,12
TSU,Yuki Tsunoda,Racing Bulls,Chinese,Chinese Grand Prix,3.0,10,18,18e,https://media.formula1.com/d_driver_fallback_image.png/content/dam/fom-website/drivers/Y/YUKTSU01_Yuki_Tsunoda/yuktsu01.png.transform/1col/image.png,9,16
TSU,Yuki Tsunoda,Red Bull Racing,Japanese,Japanese Grand Prix,0.0,10,18,18e,https://media.formula1.com/d_driver_fallback_image.png/content/dam/fom-website/drivers/Y/YUKTSU01_Yuki_Tsunoda/yuktsu01.png.transform/1col/image.png,14,12
TSU,Yuki Tsunoda,Red Bull Racing,Bahrain,Bahrain Grand Prix,2.0,10,18,18e,https://media.formula1.com/d_driver_fallback_image.png/content/dam/fom-website/drivers/Y/YUKTSU01_Yuki_Tsunoda/yuktsu01.png.transform/1col/image.png,10,9
TSU,Yuki Tsunoda,Red Bull Racing,Saudi Arabian,Saudi Arabian Grand Prix,0.0,10,18,18e,https://media.formula1.com/d_driver_fallback_image.png/content/dam/fom-website/drivers/Y/YUKTSU01_Yuki_Tsunoda/yuktsu01.png.transform/1col/image.png,8,19
TSU,Yuki Tsunoda,Red Bull Racing,Miami,Miami Grand Prix,4.0,10,18,18e,https://media.formula1.com/d_driver_fallback_image.png/content/dam/fom-website/drivers/Y/YUKTSU01_Yuki_Tsunoda/yuktsu01.png.transform/1col/image.png,10,10
TSU,Yuki Tsunoda,Red Bull Racing,Emilia Romagna,Emilia Romagna Grand Prix,1.0,10,18,18e,https://media.formula1.com/d_driver_fallback_image.png/content/dam/fom-website/drivers/Y/YUKTSU01_Yuki_Tsunoda/yuktsu01.png.transform/1col/image.png,20,10
TSU,Yuki Tsunoda,Red Bull Racing,Monaco,Monaco Grand Prix,0.0,10,18,18e,https://media.formula1.com/d_driver_fallback_image.png/content/dam/fom-website/drivers/Y/YUKTSU01_Yuki_Tsunoda/yuktsu01.png.transform/1col/image.png,12,17
TSU,Yuki Tsunoda,Red Bull Racing,Spanish,Spanish Grand Prix,0.0,10,18,18e,https://media.formula1.com/d_driver_fallback_image.png/content/dam/fom-website/drivers/Y/YUKTSU01_Yuki_Tsunoda/yuktsu01.png.transform/1col/image.png,19,13
TSU,Yuki Tsunoda,Red Bull Racing,Canadian,Canadian Grand Prix,0.0,10,18,18e,https://media.formula1.com/d_driver_fallback_image.png/content/dam/fom-website/drivers/Y/YUKTSU01_Yuki_Tsunoda/yuktsu01.png.transform/1col/image.png,18,12
TSU,Yuki Tsunoda,Red Bull Racing,Austrian,Austrian Grand Prix,0.0,10,18,18e,https://media.formula1.com/d_driver_fallback_image.png/content/dam/fom-website/drivers/Y/YUKTSU01_Yuki_Tsunoda/yuktsu01.png.transform/1col/image.png,18,16
TSU,Yuki Tsunoda,Red Bull Racing,British,British Grand Prix,0.0,10,18,18e,https://media.formula1.com/d_driver_fallback_image.png/content/dam/fom-website/drivers/Y/YUKTSU01_Yuki_Tsunoda/yuktsu01.png.transform/1col/image.png,11,15
TSU,Yuki Tsunoda,Red Bull Racing,Belgian,Belgian Grand Prix,0.0,10,18,18e,https://media.formula1.com/d_driver_fallback_image.png/content/dam/fom-website/drivers/Y/YUKTSU01_Yuki_Tsunoda/yuktsu01.png.transform/1col/image.png,7,13
TSU,Yuki Tsunoda,Red Bull Racing,Hungarian,Hungarian Grand Prix,0.0,10,18,18e,https://media.formula1.com/d_driver_fallback_image.png/content/dam/fom-website/drivers/Y/YUKTSU01_Yuki_Tsunoda/yuktsu01.png.transform/1col/image.png,20,17
BEA,Oliver Bearman,Haas F1 Team,Australian,Australian Grand Prix,0.0,8,19,19e,https://media.formula1.com/d_driver_fallback_image.png/content/dam/fom-website/drivers/O/OLIBEA01_Oliver_Bearman/olibea01.png.transform/1col/image.png,20,14
BEA,Oliver Bearman,Haas F1 Team,Chinese,Chinese Grand Prix,4.0,8,19,19e,https://media.formula1.com/d_driver_fallback_image.png/content/dam/fom-website/drivers/O/OLIBEA01_Oliver_Bearman/olibea01.png.transform/1col/image.png,17,8
BEA,Oliver Bearman,Haas F1 Team,Japanese,Japanese Grand Prix,1.0,8,19,19e,https://media.formula1.com/d_driver_fallback_image.png/content/dam/fom-website/drivers/O/OLIBEA01_Oliver_Bearman/olibea01.png.transform/1col/image.png,10,10
BEA,Oliver Bearman,Haas F1 Team,Bahrain,Bahrain Grand Prix,1.0,8,19,19e,https://media.formula1.com/d_driver_fallback_image.png/content/dam/fom-website/drivers/O/OLIBEA01_Oliver_Bearman/olibea01.png.transform/1col/image.png,20,10
BEA,Oliver Bearman,Haas F1 Team,Saudi Arabian,Saudi Arabian Grand Prix,0.0,8,19,19e,https://media.formula1.com/d_driver_fallback_image.png/content/dam/fom-website/drivers/O/OLIBEA01_Oliver_Bearman/olibea01.png.transform/1col/image.png,15,13
BEA,Oliver Bearman,Haas F1 Team,Miami,Miami Grand Prix,0.0,8,19,19e,https://media.formula1.com/d_driver_fallback_image.png/content/dam/fom-website/drivers/O/OLIBEA01_Oliver_Bearman/olibea01.png.transform/1col/image.png,19,19
BEA,Oliver Bearman,Haas F1 Team,Emilia Romagna,Emilia Romagna Grand Prix,0.0,8,19,19e,https://media.formula1.com/d_driver_fallback_image.png/content/dam/fom-website/drivers/O/OLIBEA01_Oliver_Bearman/olibea01.png.transform/1col/image.png,19,17
BEA,Oliver Bearman,Haas F1 Team,Monaco,Monaco Grand Prix,0.0,8,19,19e,https://media.formula1.com/d_driver_fallback_image.png/content/dam/fom-website/drivers/O/OLIBEA01_Oliver_Bearman/olibea01.png.transform/1col/image.png,20,12
BEA,Oliver Bearman,Haas F1 Team,Spanish,Spanish Grand Prix,0.0,8,19,19e,https://media.formula1.com/d_driver_fallback_image.png/content/dam/fom-website/drivers/O/OLIBEA01_Oliver_Bearman/olibea01.png.transform/1col/image.png,14,17
BEA,Oliver Bearman,Haas F1 Team,Canadian,Canadian Grand Prix,0.0,8,19,19e,https://media.formula1.com/d_driver_fallback_image.png/content/dam/fom-website/drivers/O/OLIBEA01_Oliver_Bearman/olibea01.png.transform/1col/image.png,13,11
BEA,Oliver Bearman,Haas F1 Team,Austrian,Austrian Grand Prix,0.0,8,19,19e,https://media.formula1.com/d_driver_fallback_image.png/content/dam/fom-website/drivers/O/OLIBEA01_Oliver_Bearman/olibea01.png.transform/1col/image.png,15,11
BEA,Oliver Bearman,Haas F1 Team,British,British Grand Prix,0.0,8,19,19e,https://media.formula1.com/d_driver_fallback_image.png/content/dam/fom-website/drivers/O/OLIBEA01_Oliver_Bearman/olibea01.png.transform/1col/image.png,18,11
BEA,Oliver Bearman,Haas F1 Team,Belgian,Belgian Grand Prix,2.0,8,19,19e,https://media.formula1.com/d_driver_fallback_image.png/content/dam/fom-website/drivers/O/OLIBEA01_Oliver_Bearman/olibea01.png.transform/1col/image.png,12,11
BEA,Oliver Bearman,Haas F1 Team,Hungarian,Hungarian Grand Prix,0.0,8,19,19e,https://media.formula1.com/d_driver_fallback_image.png/content/dam/fom-website/drivers/O/OLIBEA01_Oliver_Bearman/olibea01.png.transform/1col/image.png,11,20
DOO,Jack Doohan,Alpine,Australian,Australian Grand Prix,0.0,0,20,20e,https://media.formula1.com/d_driver_fallback_image.png/content/dam/fom-website/drivers/J/JACDOO01_Jack_Doohan/jacdoo01.png.transform/1col/image.png,14,19
DOO,Jack Doohan,Alpine,Chinese,Chinese Grand Prix,0.0,0,20,20e,https://media.formula1.com/d_driver_fallback_image.png/content/dam/fom-website/drivers/J/JACDOO01_Jack_Doohan/jacdoo01.png.transform/1col/image.png,18,13
DOO,Jack Doohan,Alpine,Japanese,Japanese Grand Prix,0.0,0,20,20e,https://media.formula1.com/d_driver_fallback_image.png/content/dam/fom-website/drivers/J/JACDOO01_Jack_Doohan/jacdoo01.png.transform/1col/image.png,19,15
DOO,Jack Doohan,Alpine,Bahrain,Bahrain Grand Prix,0.0,0,20,20e,https://media.formula1.com/d_driver_fallback_image.png/content/dam/fom-website/drivers/J/JACDOO01_Jack_Doohan/jacdoo01.png.transform/1col/image.png,11,14
DOO,Jack Doohan,Alpine,Saudi Arabian,Saudi Arabian Grand Prix,0.0,0,20,20e,https://media.formula1.com/d_driver_fallback_image.png/content/dam/fom-website/drivers/J/JACDOO01_Jack_Doohan/jacdoo01.png.transform/1col/image.png,17,17
DOO,Jack Doohan,Alpine,Miami,Miami Grand Prix,0.0,0,20,20e,https://media.formula1.com/d_driver_fallback_image.png/content/dam/fom-website/drivers/J/JACDOO01_Jack_Doohan/jacdoo01.png.transform/1col/image.png,14,20
COL,Franco Colapinto,Alpine,Emilia Romagna,Emilia Romagna Grand Prix,0.0,0,20,20e,https://media.formula1.com/d_driver_fallback_image.png/content/dam/fom-website/drivers/F/FRACOL01_Franco_Colapinto/fracol01.png.transform/1col/image.png,16,16
COL,Franco Colapinto,Alpine,Monaco,Monaco Grand Prix,0.0,0,20,20e,https://media.formula1.com/d_driver_fallback_image.png/content/dam/fom-website/drivers/F/FRACOL01_Franco_Colapinto/fracol01.png.transform/1col/image.png,18,13
COL,Franco Colapinto,Alpine,Spanish,Spanish Grand Prix,0.0,0,20,20e,https://media.formula1.com/d_driver_fallback_image.png/content/dam/fom-website/drivers/F/FRACOL01_Franco_Colapinto/fracol01.png.transform/1col/image.png,18,15
COL,Franco Colapinto,Alpine,Canadian,Canadian Grand Prix,0.0,0,20,20e,https://media.formula1.com/d_driver_fallback_image.png/content/dam/fom-website/drivers/F/FRACOL01_Franco_Colapinto/fracol01.png.transform/1col/image.png,10,13
COL,Franco Colapinto,Alpine,Austrian,Austrian Grand Prix,0.0,0,20,20e,https://media.formula1.com/d_driver_fallback_image.png/content/dam/fom-website/drivers/F/FRACOL01_Franco_Colapinto/fracol01.png.transform/1col/image.png,14,15
COL,Franco Colapinto,Alpine,British,British Grand Prix,0.0,0,20,20e,https://media.formula1.com/d_driver_fallback_image.png/content/dam/fom-website/drivers/F/FRACOL01_Franco_Colapinto/fracol01.png.transform/1col/image.png,20,20
COL,Franco Colapinto,Alpine,Belgian,Belgian Grand Prix,0.0,0,20,20e,https://media.formula1.com/d_driver_fallback_image.png/content/dam/fom-website/drivers/F/FRACOL01_Franco_Colapinto/fracol01.png.transform/1col/image.png,15,19
COL,Franco Colapinto,Alpine,Hungarian,Hungarian Grand Prix,0.0,0,20,20e,https://media.formula1.com/d_driver_fallback_image.png/content/dam/fom-website/drivers/F/FRACOL01_Franco_Colapinto/fracol01.png.transform/1col/image.png,14,18
